userId,aural,kinesthetic,reading,visual,total_time_sec,pct_aural_time,pct_kinesthetic_time,pct_reading_time,pct_visual_time,is_dominant,dominant_modality
0FmhNnLbjLbHtxcxbee1Oz3lCSA2,0.0,91.007,3.949,24.196,119.152,0.0,0.7637891097086076,0.03314254062038405,0.20306834967100848,True,kinesthetic
0iHJ1NKtr6TNLGWhsTrknX368k32,0.0,0.0,29.189,0.0,29.189,0.0,0.0,1.0,0.0,True,reading
0sZcAtq1tQYsNmgQnqhXPqUQrnE2,38.132,12.983,6.911,42.3,100.326,0.380080936148157,0.12940812949783706,0.06888543348683293,0.42162550086717304,True,visual
0yT1bFDndvO7yF5AgnjaXLS70062,16.3,103.163,27.424,26.468,173.355,0.09402670819993655,0.5950967667503101,0.1581956101641141,0.1526809148856393,True,kinesthetic
1Njv3HjREzVEiQ9ZL3YwZA26hwf2,31.887,6725.324,0.0,0.0,6757.210999999999,0.004718958753840897,0.9952810412461591,0.0,0.0,True,kinesthetic
1nyxhWBE11Xdk7Z01CwbQFOoG4n1,220.75199999999998,409.411,90.858,25.41,746.4309999999999,0.29574334399294777,0.5484914211762374,0.12172324032629943,0.03404199450451549,True,kinesthetic
2BfAnEj9TdMcCJBtbSlHmEClBs33,45.313,94.891,8.468,12.504999999999999,161.177,0.28113812764848584,0.5887378472114508,0.052538513559627,0.07758551158043642,True,kinesthetic
2Ky12YUgbQhZ5PutHq2Ox7KdUNd2,0.0,125.463,0.0,5.978,131.441,0.0,0.9545195182629468,0.0,0.04548048173705312,True,kinesthetic
2L8XVxtZuadUzGWQQMaPDJ2wDQC3,0.0,0.0,0.0,12.2,12.2,0.0,0.0,0.0,1.0,True,visual
2YDx60QIVQfB9GnG88EGIfcQOWs1,9.799,37.674,0.0,0.0,47.473,0.20641206580582647,0.7935879341941735,0.0,0.0,True,kinesthetic
2dYPxej7Q2cGVv7PETj5FWdmc9H2,8.572,0.0,0.0,14.131,22.703,0.377571246090825,0.0,0.0,0.6224287539091751,True,visual
2vxmAktanfYSdKheRzVh1g10xDI2,37.152,11.212,11.41,10.465,70.239,0.5289369153888865,0.15962641837155994,0.1624453651105511,0.14899130112900238,True,aural
3G6BJXsNtLMwhBlO6RVMz10jYLt1,57.306,196.479,0.0,0.0,253.78500000000003,0.22580530764229562,0.7741946923577043,0.0,0.0,True,kinesthetic
40lUrulKBNTcrDnIzKAGpPSGcLh2,11.99,202.68,20.131,13.601,248.40200000000002,0.048268532459481,0.8159354594568482,0.08104202059564737,0.054753987488023445,True,kinesthetic
4LSBtc15uRZFK6cZGPa1xKcY8jp2,7.726,22.176,0.0,0.0,29.901999999999997,0.25837736606247075,0.7416226339375293,0.0,0.0,True,kinesthetic
4ymQ69qFixb38txdo6V1AMYF5dJ2,187.714,682.056,73.52600000000001,71.43,1014.7260000000001,0.18498983962173038,0.6721578041757085,0.07245896921927693,0.07039338698328415,True,kinesthetic
5nVJqnqxtnMTNg7TDs62fZMbw2g1,69.218,11.439,10.267,58.101,149.025,0.4644724039590673,0.07675893306492199,0.06889448079181344,0.3898741821841973,True,aural
65gowG7ZFJU2wWgyW41HdGeyCW53,23.944,80.24000000000001,9.186,32.528,145.898,0.16411465544421444,0.5499732689961481,0.06296179522680229,0.22295028033283526,True,kinesthetic
6I8nAon3XrgGTNk8nMIEBhxzs8l1,6.713,0.0,0.0,67.888,74.601,0.08998538893580516,0.0,0.0,0.9100146110641949,True,visual
6Qs8AHGONkPjoOCzUqqHq2bQRn52,21.951,5.352,0.0,0.0,27.303,0.8039775848807823,0.19602241511921767,0.0,0.0,True,aural
6lyR5GP55PaaMOEDVdro7PqULUm1,11.832999999999998,21.464,19.923000000000002,11.215,64.435,0.18364243035617286,0.3331108869403274,0.3091953131062311,0.17405136959726855,False,Multimodal (Mixed)
7ATQDY2WgjcKgihpJBL1JCHyVCu2,0.0,78.49000000000001,0.0,72.423,150.913,0.0,0.5201009853359221,0.0,0.47989901466407797,True,kinesthetic
85gq9RdSL4c9j6Xz59pw93vfIHi2,56.196,0.0,0.0,0.0,56.196,1.0,0.0,0.0,0.0,True,aural
8X1U7kLmdWT6AlLSHuIDOxCHoLG3,231.134,152.536,76.491,25.301000000000002,485.46199999999993,0.47611141551758945,0.3142079091669379,0.15756331082556413,0.05211736448990859,True,aural
8p3uhTEHylWyvnFWFomyerni7ek1,0.0,0.0,0.0,23.929,23.929,0.0,0.0,0.0,1.0,True,visual
A4jNJ7YkZRUXxEuM6xDnsneFEii1,41.97,3.581,2.6,3.467,51.618,0.8130884575148204,0.06937502421635863,0.050370025959936456,0.0671664923088845,True,aural
A9KPkqQemsemhk5534b1HMgtPJ62,21.241,295.345,8.600999999999999,14.289,339.476,0.06256996076305836,0.8700025922303787,0.02533610623431406,0.04209134077224899,True,kinesthetic
AHClMVwFtPgvoF1BoEg6c8kVDPA2,13.358,101.136,0.0,22.629,137.123,0.09741618838561002,0.7375567920771862,0.0,0.16502701953720383,True,kinesthetic
AKUGxhDbMjYDnyvmU6WGWTK50Zn1,15.592,4.096,0.0,0.0,19.688000000000002,0.7919544900446972,0.20804550995530272,0.0,0.0,True,aural
Ak55hETcVORqxpNmEw2sX4EVGk32,35.502,12.468,36.391,8.287,92.648,0.383192297729039,0.13457387099559623,0.39278775580692515,0.0894460754684397,True,reading
BIpLLcw6xbTXovdoOMhlvUaW4mN2,12.68,23.262,38.445,121.236,195.623,0.06481855405550473,0.11891239782643145,0.19652597087254567,0.6197430772455182,True,visual
BMoJ0ooDLgc8USK7WVIAQRB0J433,41.482,291.653,88.89599999999999,105.74,527.771,0.07859848305420344,0.5526127809220288,0.16843668939748488,0.200352046626283,True,kinesthetic
BjaD8tJxKbTgQPZrdCkQVeAEwnr1,11.696,13.05,9.758,0.0,34.504000000000005,0.33897519128217013,0.3782170183167169,0.28280779040111287,0.0,True,kinesthetic
C6Ccvx84rmhhMsknuMMmSwJMewY2,30.572,598.856,50.69,151.205,831.323,0.0367751162905393,0.7203650085466179,0.060975096322368076,0.18188477884047477,True,kinesthetic
C8UzSmKS5sYA3EubD2gGVTuXiQz2,10.895999999999999,20.619,100.343,55.736000000000004,187.594,0.058082881115600705,0.10991289700097018,0.5348945062208813,0.2971097156625479,True,reading
CVYhBxKyTge5rs6FjbQ9p9K8DVt1,34.889,86.271,5.401,7.615,134.176,0.2600241473885047,0.6429689363224422,0.040253100405437635,0.056753815883615555,True,kinesthetic
CXZF0zsEaDX2g90jaGS0oALibqI3,0.0,177.488,0.0,0.0,177.488,0.0,1.0,0.0,0.0,True,kinesthetic
CZsguP73SxU2hbhbeap0KMbhoO02,0.0,108.095,4.635,7.759,120.489,0.0,0.8971358381263019,0.03846824191419963,0.06439591995949838,True,kinesthetic
DDr9mZFMKqSFTOCMUQvS8x3Ygqo2,59.284,87.857,0.0,60.352999999999994,207.49399999999997,0.28571428571428575,0.4234194723702855,0.0,0.29086624191542887,True,kinesthetic
DK4wS7yiA4YSBjW4K4TPanQasyU2,0.0,1397.6650000000002,0.0,0.0,1397.6650000000002,0.0,1.0,0.0,0.0,True,kinesthetic
DLvrZnLVQLfQ0QkRubUo4ysW5a52,10.467,0.0,0.0,0.0,10.467,1.0,0.0,0.0,0.0,True,aural
Dyak5tkunzNZqRqoiIL5iwuRcBY2,0.0,0.0,0.0,39.909,39.909,0.0,0.0,0.0,1.0,True,visual
EOGInMHnvJNbBXfSqDMbGtRfAvA3,0.0,0.0,21.749000000000002,23.72,45.469,0.0,0.0,0.4783258923662276,0.5216741076337724,True,visual
EduFuSCFqHgn1bYFL9sG2tKYl3P2,138.709,616.816,117.715,332.425,1205.6650000000002,0.11504771225838022,0.5115981636690125,0.0976349151712955,0.2757192089013117,True,kinesthetic
EoPZKTu3abRXQE9vBGTEs8GziDk1,56.187,0.0,98.62,133.85399999999998,288.661,0.1946470080821448,0.0,0.341646429548848,0.4637065623690072,True,visual
Fm4jrwF3W4dsDKCG92PqOYlOyvh2,27.337,0.0,19.961,0.0,47.298,0.5779736986764767,0.0,0.42202630132352315,0.0,True,aural
FoqmXfwfq1csYj8njGP8DWa2b543,39.055,61.219,9.519,135.394,245.187,0.15928658534098464,0.2496828950963958,0.0388234286483378,0.5522070909142818,True,visual
GCvm1dWkxGVmLQjiiMlNRSL2eln1,37.663,131.879,0.0,17.487,187.02899999999997,0.20137518780509975,0.7051259430355721,0.0,0.09349886915932824,True,kinesthetic
GXy533qOsQSoWSylQEvuEX3aYMV2,0.0,0.0,82.322,105.685,188.007,0.0,0.0,0.4378666751769881,0.5621333248230119,True,visual
GdnIy8sWnnSCctzcmgY42n9TZbS2,39.535,153.677,22.321,48.328,263.861,0.14983267705344858,0.5824164995963784,0.08459378233236439,0.18315704101780864,True,kinesthetic
Go3mxmtyVoNeeS7eMgXUwbCOmZL2,0.0,11.99,18.001,53.103,83.094,0.0,0.14429441355573208,0.2166341733458493,0.6390714130984188,True,visual
Gq1Vh2OxfidnjhZua5XJ1pF0jsf2,0.0,0.0,0.0,30.695,30.695,0.0,0.0,0.0,1.0,True,visual
GxCoyV4vGVagPohgj7APOrLCAjs2,7.043,8.001,5.947,91.246,112.237,0.0627511426713116,0.07128665235172002,0.05298609193046856,0.8129761130464999,True,visual
HC6DobM1znUfmngjUV25VB0tev82,31.307000000000002,29.703,10.839,199.41,271.259,0.11541368212667598,0.10950051426865098,0.039958121205195034,0.7351276823994779,True,visual
HILNLYbRRyRYNsqhsiQLg824Hvf1,95.14699999999999,93.612,13.577,0.0,202.33599999999998,0.4702425668195477,0.4626561758658865,0.06710125731456587,0.0,True,aural
HegIlrhE2khmorQFkUVP4bF9mmJ2,2.237,0.0,0.0,10.499,12.736,0.17564384422110552,0.0,0.0,0.8243561557788944,True,visual
I5kyQ42pSwRjc5ZeQk7UPdHlNnC3,10.51,64.047,2.674,32.464,109.69500000000001,0.0958111126304754,0.5838643511554765,0.024376680796754636,0.29594785541729335,True,kinesthetic
IAOBo05QtbcZVx1VVXESn3E77pb2,138.808,0.0,39.229,270.464,448.501,0.30949317838756213,0.0,0.08746691757654944,0.6030399040358885,True,visual
ICzMUsZK0ETrl6FjeQHLLtiedEI3,9.58,19.291999999999998,6.272,9.387,44.531,0.2151310323145674,0.43322629179672584,0.14084570299342034,0.21079697289528646,True,kinesthetic
IYWLW15WUHeFIvYrS0R1Gzrwn0U2,7.185,26.306,30.638,32.024,96.153,0.07472465757698667,0.2735848075463064,0.3186380040144353,0.3330525308622716,True,visual
J8ZREvrXeTYfES1xf5aZwr7KtO72,0.0,158.536,55.416000000000004,19.299,233.251,0.0,0.67967982988283,0.237580975001179,0.08273919511599093,True,kinesthetic
JDHnWfMfawSVJd4pNW6XSqgJSb53,113.34200000000001,767.271,186.213,130.94299999999998,1197.769,0.09462759513729276,0.6405834514000612,0.15546653820561393,0.10932241525703201,True,kinesthetic
JFdJEebP0QdhEV4q1XE5Js2aqzb2,0.0,17.523,56.574,0.0,74.097,0.0,0.23648730717842828,0.7635126928215717,0.0,True,reading
JQuK9XUdBSWCOX02Ha7VSF5cBMG3,0.0,0.0,0.0,64.534,64.534,0.0,0.0,0.0,1.0,True,visual
JbttljgTSra87EmF9VDX57kEuoD2,22.826,8.992,0.0,5.757,37.575,0.607478376580173,0.2393080505655356,0.0,0.1532135728542914,True,aural
KMzlQAe4VAgkPy6Ab4IgV6lhyBj1,0.0,0.0,0.0,10.264,10.264,0.0,0.0,0.0,1.0,True,visual
KORXMGlTHLPJBxQADl2NFEsJxCA3,6.329,0.0,4.24,0.0,10.568999999999999,0.5988267574983442,0.0,0.40117324250165587,0.0,True,aural
LDv8B6rW1SZBxN1knwpeT2MWt5h1,16.173,27.047,7.77,0.0,50.989999999999995,0.31717983918415377,0.5304373406550305,0.15238282016081586,0.0,True,kinesthetic
LfCBl8R3diNvLRM2041f3a51DzB3,28.279,94.849,176.618,217.82500000000002,517.571,0.05463791441174254,0.18325794915093774,0.34124400323820303,0.42086013319911664,True,visual
LoIPdj9b3Bat6I4WY2O9Q8G28h53,28.598,231.638,14.162,0.0,274.39799999999997,0.10422087624545369,0.8441679604078748,0.05161116334667163,0.0,True,kinesthetic
M8IOfNHJ3DPsU6GBcaI1irL29S13,14.042,46.736,380.232,153.567,594.577,0.023616789751369462,0.0786037805027776,0.6395000142958777,0.25827941544997535,True,reading
MQPx3cjvRrTgLXIZ9XZE37cdTdS2,155.059,0.0,17.5,3.114,175.673,0.8826569820063414,0.0,0.09961690185742829,0.01772611613623038,True,aural
NBscVTaKtSMIbdAPL53zrm5s9cq2,4.222,40.445,171.786,155.99900000000002,372.452,0.01133568889413938,0.10859117416472458,0.461229903450646,0.41884323349049013,True,reading
NPv1dnxXGtTEdgn7Hpq0sf0KrhD3,155.348,0.0,0.0,0.0,155.348,1.0,0.0,0.0,0.0,True,aural
NgwjZNdQl0XvLBQ427lWhUFWpF62,7.595,1468.3419999999999,0.0,4.794,1480.731,0.005129223336311592,0.9916331865814925,0.0,0.003237590082195888,True,kinesthetic
O1EYiWaeesVmJUzvodAv2JRaOpv2,0.0,0.0,8.569,14.936,23.505000000000003,0.0,0.0,0.3645607317592002,0.6354392682407998,True,visual
OohtQ6fIyYaVBb9NMaq1i5YoeXH2,55.063,127.134,31.229,24.945,238.37099999999998,0.23099705920602762,0.5333450797286583,0.13101006414370878,0.1046477969216054,True,kinesthetic
Ow1hVmRhyfcBf4b5wYZB4WhhPe42,43.167,80.239,0.0,8.044,131.45000000000002,0.32839102320273866,0.6104146063141879,0.0,0.061194370483073406,True,kinesthetic
QAW05v6wWoebyUXateuZ6tTaLNW2,43.45,0.0,0.0,0.0,43.45,1.0,0.0,0.0,0.0,True,aural
QlWStT1qGYbqean3qF4UKm31B3G3,0.0,18.826,0.0,0.0,18.826,0.0,1.0,0.0,0.0,True,kinesthetic
QldUKStCe4YmuCkN7e0U1MAtSEF3,11.943,7.469,0.0,13.984000000000002,33.396,0.3576176787639238,0.22364953886693018,0.0,0.4187327823691461,True,visual
QpOcDvlrCcOemenAqpTlhgSLT013,0.0,34.543,0.0,7.734,42.277,0.0,0.8170636516309104,0.0,0.18293634836908956,True,kinesthetic
QrjvafGaGDZUSx9UvBf14fNUUaB2,225.446,55.036,5.129,30.049999999999997,315.661,0.7142028948777327,0.17435159870874134,0.016248443741862312,0.09519706267166358,True,aural
Qtkcm5n0AJVlwEIB4F3Svphn2ei2,35.707,116.687,7.514,6.0,165.90800000000002,0.21522168912891482,0.7033235287026544,0.0452901608120163,0.03616462135641439,True,kinesthetic
RHRRZpFHc9Q6dxhtq5y2N7TV7M23,7.067,118.57600000000001,8.062,42.27,175.97500000000002,0.04015911351044182,0.6738229862196334,0.04581332575649949,0.2402045745134252,True,kinesthetic
RmE3k1SaRmX2WGnZsGCrpmjgtoW2,135.83,956.128,70.506,196.017,1358.4810000000002,0.09998667629506779,0.7038214005201396,0.0519006154668339,0.14429130771795848,True,kinesthetic
RxihdWhH4pUmmwAKQgjSauIfP3c2,10.905,0.0,0.0,0.0,10.905,1.0,0.0,0.0,0.0,True,aural
S7FtLuMd2YZ15UZAwmQM9NB1aMH3,16.336,168.192,36.248999999999995,307.151,527.928,0.030943613523056173,0.31858889848615723,0.06866277219620856,0.581804715794578,True,visual
S7J6UeEAZ4emUSuDUG5y56fQoJ03,0.0,0.0,0.0,122.895,122.895,0.0,0.0,0.0,1.0,True,visual
S97PkOSSGSadfL4P6JxfTxhJXK32,160.884,873.187,211.453,408.075,1653.599,0.09729323735681988,0.5280524480239768,0.12787441211563386,0.2467799025035695,True,kinesthetic
SaeWEsUnobhFbiZb7CeLbjfYvj72,0.0,88.861,0.0,0.0,88.861,0.0,1.0,0.0,0.0,True,kinesthetic
SpkysL7WcUgpILEQovruJSrPCV43,29.028,738.406,408.739,67.90599999999999,1244.079,0.023332923391520956,0.5935362625685346,0.3285474636257022,0.05458335041424218,True,kinesthetic
T4UCEE4djRc29bSFsGNOwZvIDGG3,0.0,0.0,0.0,12.153,12.153,0.0,0.0,0.0,1.0,True,visual
USpySgtjrtQluhGvGY1x6htXlub2,24.457,664.908,4.672,67.353,761.39,0.032121514598300475,0.8732817609897687,0.006136145733461169,0.08846057867846964,True,kinesthetic
UwDXyCTrQgS1IjyYLmtxHP75aRL2,0.0,0.0,0.0,55.477999999999994,55.477999999999994,0.0,0.0,0.0,1.0,True,visual
V1GIccJUruegbhv4QhivaNSWY5l2,7.328,3.785,3.843,8.11,23.066,0.3176970432671465,0.16409433798664702,0.16660886152778984,0.3515997572184167,False,Multimodal (Mixed)
VelqwK39ETToNX7VanpP8b45uAE3,0.0,0.0,30.817999999999998,0.0,30.817999999999998,0.0,0.0,1.0,0.0,True,reading
VgHstR4KWUXzzAFFdPgvq0Vm4Tf1,21.12,7.52,0.0,8.264,36.903999999999996,0.5722956861044874,0.20377194884023414,0.0,0.22393236505527855,True,aural
VlWN4b1pB3a5XrCkFBXN268FmRH3,15.111,13.892,0.0,51.893,80.896,0.18679539161392406,0.17172666139240506,0.0,0.6414779469936709,True,visual
VqkGgMjbEkeXNq92TU0te8JQaRB2,23.954,10.245,12.75,19.310000000000002,66.259,0.3615206990748427,0.15462050438431005,0.19242668920448544,0.2914321073363619,False,Multimodal (Mixed)
WKa6yVx8TwfNv5HSjckEvuG0GmU2,0.0,0.0,0.0,22.265,22.265,0.0,0.0,0.0,1.0,True,visual
Wne4wrTzVZdyMvxXbUskrJalOla2,10.974,0.0,4.398,0.0,15.372,0.7138953942232631,0.0,0.2861046057767369,0.0,True,aural
X2xnAKU1DCOFPaOJrogWzg3Qcxr1,12.483,10.82,98.674,76.977,198.954,0.06274314665701619,0.05438443057189099,0.49596389115071826,0.3869085316203746,True,reading
XTWtpCzOEKZsTPjHofRGosbeeNi1,25.372999999999998,121.096,13.515999999999998,15.666,175.65099999999998,0.14445121291652196,0.6894125282520454,0.07694803900917159,0.0891882198222612,True,kinesthetic
Xh3SaTemsDdOpFRtLYSc5OM5z0o2,4.94,0.0,8.286,10.514,23.74,0.20808761583824772,0.0,0.3490311710193766,0.4428812131423757,True,visual
XlFcljG7yrcGToJh6rrz6FCFkPD3,11.744,0.0,0.0,11.054,22.798000000000002,0.5151329063952977,0.0,0.0,0.48486709360470215,True,aural
XvwqJbbPH7d45xnhWCJQ4dFGg4U2,0.0,0.0,0.0,14.23,14.23,0.0,0.0,0.0,1.0,True,visual
Xz6wsw1XsxTP86aTTL7fwCngNwZ2,80.185,331.73199999999997,6.585,16.135,434.63699999999994,0.18448728479167675,0.7632392088110308,0.015150573927208224,0.03712293247008424,True,kinesthetic
YHV7B34uzXOUZRe0mdXXIFyQl9r2,0.0,0.0,0.0,200.533,200.533,0.0,0.0,0.0,1.0,True,visual
YHkpceIBY5WHjrDXZISqYsrehdZ2,0.0,0.0,22.673000000000002,327.937,350.61,0.0,0.0,0.06466729414449103,0.935332705855509,True,visual
Ydgxx4mH05RVTV0PqsdNOss3UYw2,4.51,5.637,5.189,0.0,15.335999999999999,0.2940792905581638,0.367566510172144,0.3383541992696923,0.0,False,Multimodal (Mixed)
Z5SsoQMif2gZlanBymUeIFS0mQG3,5.671,5.307,5.306,6.886,23.17,0.24475615019421665,0.22904618040569702,0.22900302114803625,0.29719464825205005,False,Multimodal (Mixed)
Z8j6DEYBkuTgFmkegoTIKpTvCcl2,0.0,56.73,0.0,0.0,56.73,0.0,1.0,0.0,0.0,True,kinesthetic
ZIlfQUfHVFaSU08xWmNcYJ22hq83,0.0,0.0,15.867,32.212,48.07900000000001,0.0,0.0,0.33001934316437526,0.6699806568356247,True,visual
aE2PuO5auaZjzXsUshsNDlQxGza2,12.653,96.269,45.342999999999996,97.191,251.45600000000002,0.05031894247900229,0.38284630313056756,0.18032180580300328,0.3865129485874268,True,visual
aVdpOLrINWRguuHhd1vYoH35kTB3,148.102,150.885,9.787,19.526,328.29999999999995,0.4511178799878161,0.4595948827292111,0.029811148339932994,0.05947608894303991,True,kinesthetic
ay0IVhmrggfLbyyxcaJNGdkw6kn1,0.0,402.302,57.621,76.383,536.306,0.0,0.7501351840180792,0.10744052835508086,0.1424242876268399,True,kinesthetic
bHHbbEqEqYh8Cr53ft1KsT0GZuJ3,42.591,0.0,0.0,0.0,42.591,1.0,0.0,0.0,0.0,True,aural
bcedHwQ7GfPkSAX72kaRdYcHm4h1,23.283,0.0,56.025,0.0,79.30799999999999,0.29357694053563327,0.0,0.7064230594643668,0.0,True,reading
bseGLAcu5Vg0z3XqtMzHy9hyjH83,0.0,40.074,95.65899999999999,0.0,135.733,0.0,0.29524139302896124,0.7047586069710386,0.0,True,reading
bucQNjNoFBQPjQ9BL4zBYoT1IjP2,3.948,30.927,31.899,38.39,105.164,0.03754136396485489,0.29408352668213456,0.3033262333117797,0.3650488760412308,True,visual
bvnEtrnzOeQ8dfws6SPZbhag6M02,0.0,0.0,12.084,0.0,12.084,0.0,0.0,1.0,0.0,True,reading
cE9VlSTzmaZpmywYk5q4WKhBf6u1,357.25100000000003,293.084,329.507,23.226,1003.0680000000001,0.3561583063162218,0.2921875685397201,0.32849916456312034,0.02315496058093768,True,aural
cb8x3D3oRnaRH8Cu2OcXVWZzcew1,28.324,104.243,62.04,16.42,211.027,0.13421979178019877,0.4939794433887607,0.29399081634103696,0.07780994849000367,True,kinesthetic
dDYRP6XvfQMJ1qDJ5zEo7uUVdmw1,61.038,0.0,0.0,9.333,70.371,0.8673743445453382,0.0,0.0,0.13262565545466173,True,aural
dLd05AVgNFXONXvtJ7b3hkCd7rH2,7.398,71.741,2.898,10.473,92.50999999999999,0.07996973300183764,0.7754945411306886,0.03132634309804346,0.11320938276943035,True,kinesthetic
dSY9pYs3uyXNsq7JOvXCc65eHfd2,153.407,126.686,57.554,212.263,549.9100000000001,0.27896746740375694,0.2303758796894037,0.10466076267025512,0.3859958902365841,True,visual
da0hyEKSbWNEs6ebEZKOtHPjB962,7.913,20.345,3.896,21.641,53.794999999999995,0.14709545496793383,0.3781949995352728,0.0724230876475509,0.4022864578492425,True,visual
dvdCoJqbFfcxP1rvUeJWot86Wiv1,15.519,871.792,53.238,39.758,980.307,0.015830755059384458,0.8893050850396865,0.054307477147465026,0.04055668275346397,True,kinesthetic
e0QPOPuIN9c2S1v9AG1wSRVqcrI3,99.833,6.363,55.353,90.188,251.73700000000002,0.3965765858812967,0.02527637971374887,0.2198842442708064,0.3582627901341479,True,aural
e7vqeQrJDiX7HM30mZasGRttgry1,66.498,0.0,10.351,0.0,76.849,0.8653072909211571,0.0,0.13469270907884293,0.0,True,aural
eJ9UGbw7ssedUP4iAbhbCoTex9D2,0.0,0.0,0.0,124.14399999999999,124.14399999999999,0.0,0.0,0.0,1.0,True,visual
eVHViEy1zMZarrpmPo3CKSOc7QJ2,28.91,0.0,5.824,0.0,34.734,0.8323256751309955,0.0,0.1676743248690044,0.0,True,aural
fF6xnpIzxga7kY4Z9ltQ6keYVVu2,0.0,16.88,0.0,6.974,23.854,0.0,0.707638131969481,0.0,0.292361868030519,True,kinesthetic
gegRec6H2hcbDUoPHsnsoGkgB3D2,15.651,6.57,8.678,18.532,49.431,0.3166231716938763,0.13291254475936154,0.1755578483138112,0.37490643523295103,False,Multimodal (Mixed)
gf9guM95zAPjbbs3GPG9JRSNE6r1,5948.547,453.045,916.047,541.678,7859.316999999999,0.7568783648757265,0.057644322019330695,0.11655554802026692,0.06892176508467594,True,aural
gozD3Bh8tjeJ4q4gV8IOEZIfBD72,30.900000000000002,25.416,3.55,0.0,59.866,0.5161527411218388,0.42454815755186587,0.05929910132629539,0.0,True,aural
hWXtFxXLsWWxWNoDTFWRGW0Uzcg1,1015.544,969.023,3922.712,64.785,5972.064,0.17004908185846634,0.16225931269323302,0.6568435971215312,0.010848008326769437,True,reading
hcureFujVvNqrCC5vqTt2fl6Wgr1,0.0,20.756,0.0,19.637999999999998,40.394,0.0,0.5138386889141952,0.0,0.4861613110858048,True,kinesthetic
hhc8ZL41kjUM38Ck4iNISJZEVVw1,0.0,5.492,0.0,8.375,13.867,0.0,0.3960481719189442,0.0,0.6039518280810557,True,visual
i71cIKVq2bTcG1FmrGCIqmjKcn83,0.0,0.0,2.976,7.266,10.242,0.0,0.0,0.2905682483889865,0.7094317516110135,True,visual
i8RfQdU3SWa9CEOJzsEYH1CGqUA2,12.019,69.39,0.0,34.45,115.85900000000001,0.10373816449304758,0.5989176499020361,0.0,0.2973441856049163,True,kinesthetic
iTUUwopAichdpYiOtiUEX2RiJQY2,0.0,19.714,0.0,11.154,30.868,0.0,0.6386549177141376,0.0,0.3613450822858624,True,kinesthetic
iqgMc6MVDqRm8ZfdJ9g2Ct4BaPp2,9.018,14.538,3.887,8.892,36.335,0.24819044997935877,0.40011008669327097,0.10697674418604651,0.24472271914132376,False,Multimodal (Mixed)
j32GdwysUORk3sGFBaigOWt1f0m2,0.0,0.0,0.0,22.642,22.642,0.0,0.0,0.0,1.0,True,visual
jS40Fs7C6Udlb3uEB2OiAHSm52F3,4.236,27.283,34.428,96.669,162.61599999999999,0.026049097259802236,0.16777561863531265,0.21171348452796773,0.5944617995769175,True,visual
kBKjwKZ1F8Tk5DDGomvuNSCRgh72,0.0,15.976,67.351,0.0,83.327,0.0,0.1917265712194127,0.8082734287805873,0.0,True,reading
kFDXk5bqmdXKconNad9pDdmRDUH2,38.86,4509.28,13.709,37.542,4599.391,0.008448944653759597,0.9804080583712061,0.002980611998414573,0.008162384976619731,True,kinesthetic
kLvJEhEkhMhvkNA5DbAVjnjVxXJ3,0.0,0.0,0.0,47.442,47.442,0.0,0.0,0.0,1.0,True,visual
kaiY9GQRfVeWi2xFO0KAalmK6tu2,13.962,152.53199999999998,85.436,99.784,351.714,0.03969702656135383,0.43368191200805195,0.24291327612776292,0.2837077853028313,True,kinesthetic
kplGnHIYohYz6sP4w81CeYX9IPW2,50.269999999999996,0.0,0.0,13.654,63.92399999999999,0.7864026030911708,0.0,0.0,0.21359739690882926,True,aural
l25ZEPmtAaf9IgYYXl6Yk5KjKng2,24.494,1074.685,344.795,92.273,1536.2469999999998,0.015944050663727904,0.6995522204437178,0.2244398198987533,0.06006390899380113,True,kinesthetic
lC8kKniWzYSNbF8Kcp0XHFb9Lo02,0.0,236.88,3.575,0.0,240.45499999999998,0.0,0.9851323532469694,0.014867646753030714,0.0,True,kinesthetic
lbztfshScWZNsOXm4PGrRb1ojPW2,24.483,0.0,0.0,7.443,31.926000000000002,0.7668671302386769,0.0,0.0,0.23313286976132302,True,aural
lvNWs9Y5cCcELhjX7lcOKqkQhuI3,53.051,131.338,12.623,64.731,261.743,0.20268354836614544,0.5017822826207387,0.04822669565184169,0.2473074733612742,True,kinesthetic
mA4K28wQEaQ7p3mtV23sqKUFFRt1,255.278,28.348,7.752,70.436,361.81399999999996,0.7055503656574925,0.07834964926730309,0.021425373258082882,0.19467461181712153,True,aural
mBdwHVGpTiXJ0DTDjqZRpssFhJq2,3.499,6.05,2.935,5.791,18.275,0.1914637482900137,0.33105335157318744,0.16060191518467853,0.3168809849521204,False,Multimodal (Mixed)
mbTJopo5iaWePvsln3t2ZzuVK3t2,6.264,20.169,6.0649999999999995,25.298,57.79599999999999,0.10838120285140843,0.3489687867672504,0.10493805799709323,0.4377119523842481,True,visual
nmTYkEGfwMNEy4zKEpGBXwU5cWZ2,37.892,239.029,51.391999999999996,34.299,362.61199999999997,0.10449736908872295,0.6591866788743892,0.14172724565099887,0.09458870638588905,True,kinesthetic
nnm5X5HbVSdCmZjpepoQJnafgHr1,0.0,0.0,0.0,14.588,14.588,0.0,0.0,0.0,1.0,True,visual
oNvGORy481UCKbgYGr9XaTrHipy1,0.0,143.657,3.629,0.0,147.286,0.0,0.975360862539549,0.024639137460451096,0.0,True,kinesthetic
ohBVFdtlAZN3teR3HMpDqKalVMj1,40.957,28.127,0.0,10.225,79.309,0.5164231045656862,0.35465079625263213,0.0,0.12892609918168177,True,aural
omi9YZaLfCg526Tq9JbsNbV04ug2,164.50799999999998,0.0,97.586,33.921,296.015,0.555742107663463,0.0,0.32966572639900005,0.11459216593753695,True,aural
p7h8y4RjubRBzP62V1A9Iw5Qn5q2,6.232,3.333,4.801,0.0,14.366000000000001,0.4338020325769177,0.23200612557427258,0.3341918418488097,0.0,False,Multimodal (Mixed)
p80Ci44YEicSN4KARLyCotglWUa2,18.447,38.984,0.0,0.0,57.431,0.32120283470599503,0.678797165294005,0.0,0.0,True,kinesthetic
pGcDOMzDgNXgiaUyRZPBmY08ZRD3,0.0,0.0,0.0,67.12100000000001,67.12100000000001,0.0,0.0,0.0,1.0,True,visual
px68BK3qxNeQ57KrLnYBvwX5DQs1,24.876,0.0,25.676,0.0,50.552,0.4920873555942396,0.0,0.5079126444057603,0.0,True,reading
qAeQm0pTzKPNY9C5a3AJBPkHmKB2,49.489,593.614,68.713,44.337,756.153,0.06544839470318838,0.7850448255842403,0.09087182091455036,0.05863495879802104,True,kinesthetic
qYRAshC2XiUKeVAUtE4mhnyUbpN2,0.0,4.236,5.277,13.262,22.775,0.0,0.185993413830955,0.2317014270032931,0.582305159165752,True,visual
qmaXfPGzvsT2wS1h2zEJuPT4EeH2,33.419,0.0,4.159,876.8149999999999,914.3929999999999,0.036547742600829186,0.0,0.004548372526911295,0.9589038848722595,True,visual
qyNNtEcuqNPEAxFk1cD6Er56Oms1,0.0,286.065,14.186,20.544,320.79499999999996,0.0,0.8917377141164919,0.04422138749045341,0.06404089839305477,True,kinesthetic
qyegiWF4z0chuqr9rCdhVMw1ZPT2,57.115,4.283,0.0,4.733,66.131,0.8636645446159895,0.06476538990791006,0.0,0.07157006547610047,True,aural
qzojRqsLMoOzMSHIXQBRpO88XHe2,33.069,153.484,54.961,103.02,344.534,0.09598181892062903,0.4454828841275462,0.15952271764180023,0.29901257931002456,True,kinesthetic
rVtjhDhqtObwesWjlsuiaC1RadE3,18.637,28.385,53.989000000000004,35.168,136.179,0.1368566372201294,0.20843889292769077,0.39645613494004217,0.25824833491213767,True,reading
rgSIu0JBesR87xtQ43cgZk3syba2,36.655,0.0,0.0,12.91,49.565,0.7395339453243217,0.0,0.0,0.2604660546756784,True,aural
rguXmGwXyWVqrCNZS4VqAvrKPu22,0.0,0.0,0.0,111.527,111.527,0.0,0.0,0.0,1.0,True,visual
suG5O6R21eMDKumAII2D3rom6TQ2,309.371,705.3539999999999,21.5,41.612,1077.837,0.28702948590556826,0.6544162057899292,0.01994735753179748,0.038606950772704964,True,kinesthetic
t8fS4QO0AQVhCJewCrMTuroYXyE2,144.747,8.039,10.535,5.118,168.439,0.8593437386828467,0.04772647664733227,0.06254489755935383,0.030384887110467294,True,aural
tLNByH3CBLa71TY5MtHZbGlVfwt1,1263.4740000000002,220.486,834.3689999999999,0.0,2318.3289999999997,0.544993398262283,0.09510556957187699,0.35990103216584013,0.0,True,aural
u2dd7yexwChHngKmolTCbHTUpng2,0.0,0.0,0.0,13.297,13.297,0.0,0.0,0.0,1.0,True,visual
uMa0S9MSNXdYssSGFXZ5Je33hJy2,86.15299999999999,253.56,134.472,462.621,936.8059999999999,0.09196461166986548,0.2706643638063804,0.14354306014265494,0.4938279643810992,True,visual
uVTpabmTGmXtJGeFXMQU84EnXNE3,0.0,0.0,41.17,111.628,152.798,0.0,0.0,0.26944069948559535,0.7305593005144047,True,visual
urGcQsf6T0PNIks9nu3VHX3hHGW2,6.724,33.021,2.568,3.672,45.985,0.14622159399804285,0.7180819832554094,0.055844297053386976,0.07985212569316082,True,kinesthetic
uwRIIGr8e8OroN0bHN2cVomJQcS2,22.216,121.221,41.144,44.772000000000006,229.353,0.0968637863904113,0.5285346169441865,0.17939159287212286,0.19521000379327938,True,kinesthetic
uxrqIgXzbGVwoSXTagCFlHwMnhJ3,0.0,0.0,0.0,44.112,44.112,0.0,0.0,0.0,1.0,True,visual
v3hSsk5IyHgOfrvGnCxAPBSyyAv2,0.0,0.0,0.0,14.87,14.87,0.0,0.0,0.0,1.0,True,visual
vEc7bTi62sTInt11kdTgzb9f5Qn1,12.264,0.0,0.0,15.951,28.215,0.43466241360978203,0.0,0.0,0.565337586390218,True,visual
vH4QqMlaefg9LiM140WaVmkoqsf1,10.066,105.325,0.0,18.22,133.611,0.07533810838927933,0.7882958738427226,0.0,0.13636601776799814,True,kinesthetic
vLlWkjvqyFPgjAPK59lecUxyi8U2,225.49200000000002,1150.688,97.919,177.798,1651.8970000000002,0.13650487893615643,0.6965858040785836,0.05927669824450313,0.10763261874075683,True,kinesthetic
vMrq1v3u5kRUdV0FafGqniVR0Hq1,9.407,22.671,12.431,115.796,160.305,0.058681887651664016,0.14142416019462897,0.07754592807460776,0.7223480240790993,True,visual
veogvd0RUXcijdmOVT8blk7TpEk1,11686.738,1195.81,1686.466,36.690999999999995,14605.705,0.8001488459475252,0.08187280244260718,0.11546625102999136,0.0025121005798761508,True,aural
vgWUYlVDhzSFdjFPa6SpfmAXXvF3,36.219,575.869,17.153,45.66,674.9010000000001,0.05366564873959291,0.8532644047052826,0.02541557947017414,0.06765436708495022,True,kinesthetic
w1tsY55jQwPvhwUu8qeVNlVJOXv1,107.937,0.0,0.0,24.351,132.288,0.8159243468795355,0.0,0.0,0.18407565312046442,True,aural
w66NO5QQJ2Yl8EqGGL1gpr0R3Hl1,0.0,40.568,319.368,51.48,411.416,0.0,0.0986057907324946,0.776265385886791,0.1251288233807144,True,reading
wzbHGfHbyhO1q8k3FnB2y5kITFO2,288.184,67.08,15.418,18.506,389.188,0.7404750403404011,0.1723588599854055,0.03961581549276956,0.04755028418142389,True,aural
yGDNy0QVtDgfnsAB0YHHXhZ3b0y2,103.88900000000001,155.93200000000002,97.841,57.953,415.615,0.24996451042431098,0.3751837638198814,0.23541258135534085,0.13943914440046679,True,kinesthetic
yXACdu2glPcNkmdfEJuc5Byyo0l2,35.24,93.79,66.56,56.047000000000004,251.637,0.14004299844617446,0.37271943315172257,0.26450800160548726,0.22272956679661576,True,kinesthetic
zFa9MeNb4obPmflz1NI2tj9LaOo1,44.567,255.809,8.184999999999999,27.751,336.31199999999995,0.1325168296105997,0.7606300102285973,0.024337519921977212,0.08251564023882586,True,kinesthetic
zMUBYMIyCuP9xSl99uCeZwdKJaa2,0.0,0.0,6.434,5.767,12.201,0.0,0.0,0.5273338250963036,0.47266617490369645,True,reading
